id,title,short_desc,long_desc,close_date,contact_email
1,Software Engineer - Web Development,Seeking talented web developer for innovative startup,"We are looking for a passionate web developer with expertise in React, Node.js, and modern web technologies. The ideal candidate will work on cutting-edge projects and contribute to our dynamic team's growth.",2025-12-31,careers@techstartup.com
2,Data Scientist - Machine Learning,AI-driven data science role in healthcare,"Join our team to develop machine learning models that revolutionize patient care. Experience with Python, TensorFlow, and healthcare data analysis required. Opportunity to make a significant impact in medical technology.",2025-11-15,ml-jobs@healthtech.org
3,UX/UI Designer - Digital Product Team,Creative design position for user-centric products,"Design intuitive and beautiful digital experiences. We're seeking a designer who can translate complex user needs into elegant, functional interfaces. Strong portfolio and interaction design skills essential.",2025-10-20,design-team@digitalinnovations.com
4,Cybersecurity Analyst - Financial Services,Protect critical infrastructure from emerging threats,"Seeking a skilled cybersecurity professional to defend our financial systems. Responsibilities include threat monitoring, vulnerability assessment, and developing robust security protocols.",2025-09-30,security-jobs@financegroup.net
5,Cloud Solutions Architect,Design and implement scalable cloud infrastructure,"Expert cloud architect needed to design and implement complex cloud solutions. Deep knowledge of AWS, Azure, or Google Cloud required. Help transform our enterprise cloud strategy.",2025-11-25,cloud-careers@enterprisetech.io
6,Technical Writer - Developer Documentation,Create comprehensive technical documentation,"We need a clear, concise technical writer to create documentation for our developer tools and APIs. Strong technical writing skills and understanding of software development processes required.",2025-10-10,docs-team@devtools.com
7,Product Manager - Emerging Technologies,Drive product strategy for innovative solutions,"Lead product management for our emerging tech portfolio. Ideal candidate will have experience in identifying market opportunities, defining product roadmaps, and working closely with engineering teams.",2025-12-15,product-jobs@innovationlab.tech
8,DevOps Engineer - Continuous Deployment,Optimize our software delivery pipeline,"Build and improve our continuous integration and deployment processes. Experience with Kubernetes, Docker, and modern DevOps tools essential. Help us achieve world-class software delivery.",2025-11-05,devops-careers@cloudnative.io
9,AI Ethics Researcher,Explore ethical implications of artificial intelligence,"Interdisciplinary role investigating the societal and ethical implications of AI technologies. Candidates from philosophy, computer science, and social sciences are encouraged to apply.",2025-10-05,ethics-research@aiethics.org
10,Quantum Computing Researcher,Advance the frontier of quantum computational technologies,"Join our cutting-edge quantum computing team. Ph.D. in Physics or Computer Science required. Work on groundbreaking quantum algorithms and hardware development.",2025-09-15,quantum-jobs@researchinstitute.edu
